"Girokonto";"DE48120300001082275023"

"Kontostand vom 05.07.2026:";"1.572,41 €"
""
"Buchungsdatum";"Wertstellung";"Status";"Zahlungspflichtige*r";"Zahlungsempfänger*in";"Verwendungszweck";"Umsatztyp";"IBAN";"Betrag (€)";"Gläubiger-ID";"Mandatsreferenz";"Kundenreferenz"
"02.07.26";"02.07.26";"Gebucht";"Anselm Josek";"S. Payment Solutions GmbH";"Lidl sagt Danke DE144783060455181261 Lidl Pay";"Ausgang";"DE74600400710521470501";"-11,02";"DE18ZZZ00002700707";"1120362894/0001/00";"ZB 210171509226"
"01.07.26";"01.07.26";"Gebucht";"Anselm Josek";"Girokonto";"";"Eingang";"DE83500240244858835001";"900";"";"";"7659185f2da94e86a475fb16c90af8b6"
"01.07.26";"01.07.26";"Gebucht";"Katerina Josek";"Lebara Germany Limited";"Lebara Germany Limited DE-038201306-641";"Ausgang";"DE52100190001000027873";"-2,99";"NL42ZZZ342764500011";"BVVTKNKZJG6J83H6";"D2Z3MN5WBD7HH6F6"
"01.07.26";"01.07.26";"Gebucht";"JOSEK, ANSELM";"Vodafone West GmbH";"VODAFONE WEST GMBH KDNR.2074386041 RGN 00234387055 1 1 02JUNI 2026";"Ausgang";"DE02590100660125799660";"-9,98";"DE09ZZZ00002452840";"UMKBW00020022770710";"400R110285351023"
"01.07.26";"01.07.26";"Gebucht";"Anselm Josek";"LichtBlick SE";"Abschlag (Strom) Juli / 2026 Kunden-Nr. 21261067 / 31555752";"Ausgang";"DE44200800000913239903";"-42";"DE41ZZZ00000173637";"LB+7C2FE75C+1CZ8Rxc9oUsrmbnm3cDxb6";"A1.21261067.31555752.125723802"
"01.07.26";"01.07.26";"Gebucht";"DKB AG";"DKB AG";"Abrechnung 30.06.2026 siehe Anlage Abrechnung 30.06.2026 Information zur Abrechnung Kontostand am 30.06.2026                                          738,40 + Abrechnungszeitraum vom 01.04.2026 bis 30.06.2026 Abrechnung 30.06.2026                                                0,00+ Sollzinssätze am 30.06.2026  7,9100 v.H. für eingeräumte Kontoüberziehung (aktuell eingeräumte Kontoüberziehung         100,00)  7,9100 v.H. für geduldete Kontoüberziehung über die eingeräumte Kontoüberziehung hinaus Kontostand/Rechnungsabschluss am 30.06.2026                       738,40 + Rechnungsnummer: 20260630-BY111-00278996044";"Eingang";"1082275023";"0";"";"";""